# Experiment,T,t (min),mu0,mu1,mu2,mu3,C
0.000000000000000000e+00,3.985999999999999943e+01,5.000000000000000000e+00,1.478009999999999991e+03,2.299581999999999971e+04,1.800863239999999991e+06,2.485161679399999976e+08,1.586731949205268666e-01
0.000000000000000000e+00,3.986999999999999744e+01,6.250000000000000000e+00,2.476869999999999891e+03,2.982974000000000160e+04,1.845571770000000019e+06,2.772265501100000143e+08,1.585793052691263638e-01
0.000000000000000000e+00,3.996999999999999886e+01,7.517000000000000348e+00,3.212469999999999800e+03,4.379412000000000262e+04,2.174393979999999981e+06,3.099196513000000119e+08,1.592765906133758180e-01
0.000000000000000000e+00,4.004999999999999716e+01,8.766999999999999460e+00,4.307270000000000437e+03,5.997704000000000087e+04,2.600815529999999795e+06,3.209895662200000286e+08,1.567778871650258865e-01
0.000000000000000000e+00,4.003999999999999915e+01,1.003299999999999947e+01,6.169279999999999745e+03,8.092794000000000233e+04,3.034353120000000112e+06,3.795594385199999809e+08,1.598218328830705026e-01
0.000000000000000000e+00,4.003000000000000114e+01,1.128299999999999947e+01,6.668310000000000400e+03,1.014191300000000047e+05,4.376639219999999739e+06,4.388906607699999809e+08,1.580936014512207832e-01
0.000000000000000000e+00,3.978999999999999915e+01,1.255000000000000071e+01,9.700000000000000000e+03,1.465647500000000000e+05,4.849748959999999963e+06,5.006471347900000215e+08,1.571161119775114079e-01
0.000000000000000000e+00,3.940999999999999659e+01,1.380000000000000071e+01,1.085353000000000065e+04,1.814557999999999884e+05,6.898135940000000410e+06,5.653136817000000477e+08,1.560890347710743309e-01
0.000000000000000000e+00,3.900000000000000000e+01,1.506700000000000017e+01,1.559129000000000087e+04,2.365050100000000093e+05,7.899952019999999553e+06,6.516896184700000286e+08,1.573383207270269701e-01
0.000000000000000000e+00,3.864000000000000057e+01,1.631700000000000017e+01,1.934959999999999854e+04,3.057001799999999930e+05,1.107425103999999911e+07,7.819691307500000000e+08,1.584871843837544203e-01
0.000000000000000000e+00,3.842000000000000171e+01,1.758299999999999841e+01,2.415945999999999913e+04,4.114563599999999860e+05,1.486451015000000037e+07,9.738077560299999714e+08,1.563854383369037704e-01
0.000000000000000000e+00,3.825000000000000000e+01,1.883299999999999841e+01,2.734990000000000146e+04,5.412859799999999814e+05,1.814935339000000060e+07,1.207587421200000048e+09,1.557537283420104557e-01
0.000000000000000000e+00,3.817000000000000171e+01,2.010000000000000142e+01,3.571259999999999854e+04,6.677839100000000326e+05,2.341738914000000060e+07,1.413748347990000010e+09,1.542441662250683410e-01
0.000000000000000000e+00,3.813000000000000256e+01,2.135000000000000142e+01,4.177851999999999680e+04,8.036659499999999534e+05,2.511433248999999836e+07,1.705027845970000029e+09,1.542447757192528801e-01
0.000000000000000000e+00,3.809000000000000341e+01,2.261700000000000088e+01,4.820487000000000262e+04,8.620814799999999814e+05,2.957904753999999911e+07,1.922269062559999943e+09,1.549618378899049742e-01
0.000000000000000000e+00,3.795000000000000284e+01,2.388299999999999912e+01,5.764906999999999971e+04,1.098477800000000047e+06,3.265184164000000060e+07,2.236002822590000153e+09,1.510957603875088817e-01
0.000000000000000000e+00,3.763000000000000256e+01,2.513299999999999912e+01,6.786891999999999825e+04,1.140779429999999935e+06,4.022028346000000089e+07,2.380381371469999790e+09,1.525498581077807392e-01
0.000000000000000000e+00,3.721000000000000085e+01,2.639999999999999858e+01,8.341344000000000233e+04,1.362519399999999907e+06,4.892292157999999821e+07,2.649878289670000076e+09,1.516721803914363731e-01
0.000000000000000000e+00,3.681000000000000227e+01,2.764999999999999858e+01,9.628244999999999709e+04,1.318462149999999907e+06,5.058956089000000060e+07,3.077741010639999866e+09,1.500530009466825576e-01
0.000000000000000000e+00,3.653999999999999915e+01,2.891700000000000159e+01,1.101456799999999930e+05,1.640148060000000056e+06,5.824928845000000298e+07,3.373502056750000000e+09,1.484053712179743412e-01
0.000000000000000000e+00,3.632000000000000028e+01,3.018299999999999983e+01,1.369262500000000000e+05,1.903106679999999935e+06,5.632715885999999940e+07,3.565954286860000134e+09,1.482732644362905472e-01
0.000000000000000000e+00,3.621000000000000085e+01,3.143299999999999983e+01,1.317759899999999907e+05,1.874110459999999963e+06,6.333406163000000268e+07,3.718051074630000114e+09,1.474797067237127168e-01
0.000000000000000000e+00,3.613000000000000256e+01,3.270000000000000284e+01,1.605642699999999895e+05,2.122159069999999832e+06,6.464753589000000060e+07,4.135988696550000191e+09,1.482873617353190066e-01
0.000000000000000000e+00,3.586999999999999744e+01,3.396699999999999875e+01,1.586713999999999942e+05,2.264750589999999851e+06,7.425183615000000596e+07,4.344697117640000343e+09,1.461767413565643048e-01
0.000000000000000000e+00,3.543999999999999773e+01,3.521699999999999875e+01,1.904219599999999919e+05,2.288841459999999963e+06,8.451321250000000000e+07,4.330442294239999771e+09,1.462242077006894181e-01
0.000000000000000000e+00,3.502000000000000313e+01,3.648299999999999699e+01,1.768027500000000000e+05,2.568126220000000205e+06,8.254940179000000656e+07,4.773161219680000305e+09,1.441381044597448702e-01
0.000000000000000000e+00,3.468999999999999773e+01,3.773299999999999699e+01,2.222884800000000105e+05,2.456796520000000019e+06,7.993494739000000060e+07,5.115295635569999695e+09,1.456450284433791487e-01
0.000000000000000000e+00,3.442000000000000171e+01,3.900000000000000000e+01,2.499837600000000093e+05,3.037475930000000168e+06,8.754534076000000536e+07,5.210330342659999847e+09,1.449488068435128840e-01
0.000000000000000000e+00,3.427000000000000313e+01,4.026700000000000301e+01,2.304095100000000093e+05,3.046856379999999888e+06,1.028251346899999976e+08,5.014694479039999962e+09,1.428261939003936942e-01
0.000000000000000000e+00,3.417999999999999972e+01,4.153300000000000125e+01,2.315037699999999895e+05,3.027400720000000205e+06,9.482635970999999344e+07,5.723425809930000305e+09,1.423893743220536745e-01
0.000000000000000000e+00,3.410000000000000142e+01,4.278300000000000125e+01,2.845450200000000186e+05,3.641144479999999981e+06,1.018379255100000054e+08,5.317732505680000305e+09,1.425224017153169098e-01
0.000000000000000000e+00,3.413000000000000256e+01,4.404999999999999716e+01,3.124280700000000070e+05,3.586690459999999963e+06,1.002910160900000036e+08,5.723017275659999847e+09,1.428831076436568037e-01
0.000000000000000000e+00,3.397999999999999687e+01,4.531700000000000017e+01,3.260457199999999721e+05,3.509807810000000056e+06,1.025097713900000006e+08,5.978821890779999733e+09,1.425598062422232803e-01
0.000000000000000000e+00,3.364999999999999858e+01,4.658299999999999841e+01,2.936083900000000140e+05,3.428698589999999851e+06,1.048288714099999964e+08,6.095978085659999847e+09,1.400819604206821056e-01
0.000000000000000000e+00,3.322999999999999687e+01,4.783299999999999841e+01,3.385576699999999837e+05,3.536496910000000149e+06,1.030244080400000066e+08,6.229467463819999695e+09,1.417814678825069230e-01
0.000000000000000000e+00,3.285000000000000142e+01,4.910000000000000142e+01,3.705633499999999767e+05,4.239706349999999627e+06,1.198400380499999970e+08,6.383744110649999619e+09,1.385128268672879970e-01
0.000000000000000000e+00,3.254999999999999716e+01,5.036699999999999733e+01,3.869919799999999814e+05,4.201132110000000335e+06,1.186776201200000048e+08,6.068120509550000191e+09,1.386146851985260997e-01
0.000000000000000000e+00,3.232000000000000028e+01,5.163300000000000267e+01,3.667672399999999907e+05,4.149929100000000093e+06,1.221049713900000006e+08,6.381277112609999657e+09,1.395412186483306616e-01
0.000000000000000000e+00,3.217999999999999972e+01,5.289999999999999858e+01,4.194953200000000070e+05,3.861507500000000000e+06,1.203223060799999982e+08,6.357223767390000343e+09,1.383464445631338857e-01
0.000000000000000000e+00,3.210999999999999943e+01,5.416700000000000159e+01,4.347889199999999837e+05,4.416788780000000261e+06,1.282193905199999958e+08,6.992232345159999847e+09,1.394049400853072662e-01
0.000000000000000000e+00,3.209000000000000341e+01,5.543299999999999983e+01,4.286608900000000140e+05,4.300279940000000410e+06,1.411280535600000024e+08,6.931723286520000458e+09,1.383335423902387340e-01
0.000000000000000000e+00,3.207000000000000028e+01,5.668299999999999983e+01,4.201573400000000256e+05,5.084432169999999925e+06,1.327163045000000000e+08,7.198603419300000191e+09,1.373841257062023147e-01
0.000000000000000000e+00,3.202000000000000313e+01,5.795000000000000284e+01,3.883500800000000163e+05,4.942144269999999553e+06,1.452848496599999964e+08,7.281303286710000038e+09,1.364401806914092297e-01
0.000000000000000000e+00,3.198000000000000043e+01,5.923299999999999699e+01,4.866875800000000163e+05,5.026309679999999702e+06,1.307175962500000000e+08,6.996904995470000267e+09,1.375079131057664883e-01
0.000000000000000000e+00,3.175000000000000000e+01,6.051700000000000301e+01,4.307969099999999744e+05,4.866303419999999925e+06,1.323265480000000000e+08,7.069137819500000000e+09,1.365925833337589268e-01
0.000000000000000000e+00,3.135000000000000142e+01,6.178300000000000125e+01,4.654920999999999767e+05,4.462109150000000373e+06,1.343021954300000072e+08,7.525708523920000076e+09,1.370513702899019970e-01
0.000000000000000000e+00,3.094000000000000128e+01,6.306700000000000017e+01,5.268066199999999953e+05,4.824463669999999925e+06,1.482175752199999988e+08,7.270133625979999542e+09,1.359331521916754826e-01
0.000000000000000000e+00,3.058999999999999986e+01,6.436700000000000443e+01,4.440891300000000047e+05,4.695037769999999553e+06,1.572528409600000083e+08,7.590650258130000114e+09,1.341941192241070668e-01
0.000000000000000000e+00,3.037999999999999901e+01,6.565000000000000568e+01,5.079972199999999721e+05,5.093578049999999814e+06,1.547121015200000107e+08,8.112658827869999886e+09,1.365342274115725063e-01
0.000000000000000000e+00,3.019999999999999929e+01,6.695000000000000284e+01,5.224600999999999767e+05,5.502659009999999776e+06,1.457372126500000060e+08,7.660571635560000420e+09,1.339846118696241539e-01
0.000000000000000000e+00,3.014000000000000057e+01,6.823300000000000409e+01,4.824583499999999767e+05,5.628463459999999963e+06,1.607012819900000095e+08,8.171921985350000381e+09,1.343611873510631438e-01
0.000000000000000000e+00,3.007000000000000028e+01,6.953300000000000125e+01,5.490570999999999767e+05,6.028116379999999888e+06,1.569366278300000131e+08,8.075182705220000267e+09,1.326550675609858287e-01
1.000000000000000000e+00,3.999000000000000199e+01,5.000000000000000000e+00,1.534309999999999945e+03,2.071518999999999869e+04,1.676956239999999991e+06,2.236405249600000083e+08,1.579676574313069182e-01
1.000000000000000000e+00,4.000000000000000000e+01,6.250000000000000000e+00,2.307340000000000146e+03,3.187131000000000131e+04,2.076895659999999916e+06,2.563577356999999881e+08,1.583547632870787869e-01
1.000000000000000000e+00,4.000999999999999801e+01,7.517000000000000348e+00,2.965280000000000200e+03,4.098325000000000000e+04,2.256301240000000224e+06,3.092210282900000215e+08,1.579458854150989078e-01
1.000000000000000000e+00,4.000000000000000000e+01,8.766999999999999460e+00,3.977559999999999945e+03,5.874533999999999651e+04,2.806841439999999944e+06,3.304037798100000024e+08,1.587807709235133924e-01
1.000000000000000000e+00,4.000000000000000000e+01,1.003299999999999947e+01,5.741270000000000437e+03,7.657077000000000407e+04,3.162906669999999925e+06,3.916955509800000191e+08,1.577033300135076421e-01
1.000000000000000000e+00,4.000999999999999801e+01,1.128299999999999947e+01,6.896560000000000400e+03,1.056295299999999988e+05,4.057220149999999907e+06,4.332528351000000238e+08,1.578622638747883278e-01
1.000000000000000000e+00,4.000999999999999801e+01,1.255000000000000071e+01,9.058319999999999709e+03,1.319686600000000035e+05,5.237086110000000335e+06,4.822390886899999976e+08,1.586231908147248681e-01
1.000000000000000000e+00,4.000999999999999801e+01,1.380000000000000071e+01,1.114155999999999949e+04,1.819461799999999930e+05,6.478157629999999888e+06,5.378991703099999428e+08,1.571440277892833248e-01
1.000000000000000000e+00,3.999000000000000199e+01,1.506700000000000017e+01,1.362400000000000000e+04,2.371387900000000081e+05,7.689482940000000410e+06,6.501266635800000429e+08,1.572078745868103755e-01
1.000000000000000000e+00,4.000999999999999801e+01,1.631700000000000017e+01,1.814690999999999985e+04,2.595235400000000081e+05,9.759398550000000745e+06,7.647495429800000191e+08,1.575525386248448345e-01
1.000000000000000000e+00,4.000999999999999801e+01,1.758299999999999841e+01,2.088377999999999884e+04,3.284938200000000070e+05,1.134817150000000000e+07,8.360840521699999571e+08,1.568869492422680645e-01
1.000000000000000000e+00,4.000000000000000000e+01,1.883299999999999841e+01,2.375545999999999913e+04,3.923507800000000279e+05,1.351225233000000007e+07,9.776941585900000334e+08,1.565264442017270385e-01
1.000000000000000000e+00,4.000000000000000000e+01,2.010000000000000142e+01,2.963675000000000000e+04,4.816870700000000070e+05,1.463158357000000030e+07,1.083151763220000029e+09,1.564285690025693787e-01
1.000000000000000000e+00,4.000000000000000000e+01,2.135000000000000142e+01,3.650244000000000233e+04,5.382432500000000000e+05,1.767987878000000119e+07,1.248613871519999981e+09,1.553917387544327955e-01
1.000000000000000000e+00,4.000000000000000000e+01,2.261700000000000088e+01,3.486170999999999913e+04,5.688461199999999953e+05,2.021698085000000149e+07,1.359271944829999924e+09,1.555652534487297622e-01
1.000000000000000000e+00,4.000999999999999801e+01,2.388299999999999912e+01,4.923841000000000349e+04,7.009518800000000047e+05,2.373858903000000119e+07,1.501374023609999895e+09,1.554348104463512681e-01
1.000000000000000000e+00,4.000000000000000000e+01,2.513299999999999912e+01,5.366811000000000058e+04,8.151572099999999627e+05,2.742629712999999896e+07,1.639998982220000029e+09,1.543815473481275347e-01
1.000000000000000000e+00,3.999000000000000199e+01,2.639999999999999858e+01,6.077881999999999971e+04,9.027509799999999814e+05,2.899250621999999881e+07,1.821312619920000076e+09,1.545797949391335413e-01
1.000000000000000000e+00,4.000000000000000000e+01,2.764999999999999858e+01,6.804758999999999651e+04,9.119194399999999441e+05,3.148620803999999911e+07,1.953715380319999933e+09,1.535547029473879888e-01
1.000000000000000000e+00,3.999000000000000199e+01,2.891700000000000159e+01,6.838000000000000000e+04,1.113368739999999991e+06,3.524329131000000238e+07,2.029420075019999981e+09,1.537709769092107381e-01
1.000000000000000000e+00,3.999000000000000199e+01,3.018299999999999983e+01,7.527813999999999942e+04,1.064588209999999963e+06,3.759879564999999851e+07,2.091200404869999886e+09,1.527910279737453580e-01
1.000000000000000000e+00,3.999000000000000199e+01,3.143299999999999983e+01,9.506242999999999302e+04,1.229685820000000065e+06,3.977449277000000328e+07,2.306620365480000019e+09,1.524844754013169323e-01
1.000000000000000000e+00,4.000999999999999801e+01,3.270000000000000284e+01,9.830917999999999302e+04,1.202394860000000102e+06,4.180326853000000119e+07,2.348029672480000019e+09,1.518610185656974476e-01
1.000000000000000000e+00,4.000999999999999801e+01,3.396699999999999875e+01,9.569360000000000582e+04,1.318395699999999953e+06,3.862618803000000119e+07,2.437005517269999981e+09,1.518893393080180676e-01
1.000000000000000000e+00,4.000000000000000000e+01,3.521699999999999875e+01,1.022475899999999965e+05,1.324612800000000047e+06,4.536268681000000238e+07,2.580504272659999847e+09,1.522499975064861566e-01
1.000000000000000000e+00,4.000999999999999801e+01,3.648299999999999699e+01,1.259127700000000041e+05,1.437832030000000028e+06,4.694425518999999762e+07,2.591991342539999962e+09,1.510983298643259198e-01
1.000000000000000000e+00,4.000999999999999801e+01,3.773299999999999699e+01,1.270905899999999965e+05,1.432033820000000065e+06,4.837243082000000030e+07,2.525728583239999771e+09,1.511650507488861150e-01
1.000000000000000000e+00,3.999000000000000199e+01,3.900000000000000000e+01,1.275387599999999948e+05,1.543401280000000028e+06,4.588266653999999911e+07,2.856644357670000076e+09,1.504196591899847057e-01
1.000000000000000000e+00,3.999000000000000199e+01,4.026700000000000301e+01,1.338746099999999860e+05,1.528070770000000019e+06,5.094155575999999791e+07,2.708117805929999828e+09,1.508009135762894970e-01
1.000000000000000000e+00,4.000000000000000000e+01,4.153300000000000125e+01,1.540143699999999953e+05,1.505628189999999944e+06,4.806773845000000298e+07,2.900108538730000019e+09,1.503682777561445860e-01
1.000000000000000000e+00,4.000999999999999801e+01,4.278300000000000125e+01,1.312741799999999930e+05,1.543448949999999953e+06,4.900602697999999672e+07,2.731882519460000038e+09,1.504845822634408303e-01
1.000000000000000000e+00,4.000999999999999801e+01,4.404999999999999716e+01,1.591507300000000105e+05,1.647746260000000009e+06,4.779239071999999881e+07,2.918148906829999924e+09,1.500808055289585830e-01
1.000000000000000000e+00,4.000000000000000000e+01,4.531700000000000017e+01,1.492358900000000140e+05,1.612317989999999991e+06,4.855080472999999672e+07,3.030811048460000038e+09,1.505655970956386314e-01
1.000000000000000000e+00,4.000999999999999801e+01,4.658299999999999841e+01,1.543233999999999942e+05,1.786425110000000102e+06,4.925387531000000238e+07,2.843010623269999981e+09,1.498145720423602334e-01
1.000000000000000000e+00,3.999000000000000199e+01,4.783299999999999841e+01,1.592072799999999988e+05,1.672597159999999916e+06,5.207309535999999940e+07,2.949845151590000153e+09,1.506294057867459957e-01
1.000000000000000000e+00,4.000999999999999801e+01,4.910000000000000142e+01,1.726278999999999942e+05,1.848006229999999981e+06,5.929681339999999851e+07,3.056112721849999905e+09,1.505406332759439414e-01
1.000000000000000000e+00,4.000000000000000000e+01,5.036699999999999733e+01,1.597520199999999895e+05,1.800977550000000047e+06,5.773684372999999672e+07,2.930085380809999943e+09,1.504245810118797211e-01
1.000000000000000000e+00,4.000000000000000000e+01,5.163300000000000267e+01,2.004442200000000012e+05,1.750136600000000093e+06,5.159707907999999821e+07,3.032589275539999962e+09,1.494614412158826178e-01
1.000000000000000000e+00,4.000999999999999801e+01,5.289999999999999858e+01,1.681049700000000012e+05,1.849861500000000000e+06,5.660867657999999821e+07,3.134346851820000172e+09,1.494017053557669950e-01
1.000000000000000000e+00,4.000000000000000000e+01,5.416700000000000159e+01,1.816376199999999953e+05,1.794052270000000019e+06,5.709580889000000060e+07,2.998716334949999809e+09,1.498963710434404739e-01
1.000000000000000000e+00,4.000999999999999801e+01,5.543299999999999983e+01,1.954817600000000093e+05,1.971904120000000112e+06,5.524891171000000089e+07,3.018354743159999847e+09,1.495288456546025602e-01
1.000000000000000000e+00,4.000000000000000000e+01,5.668299999999999983e+01,2.095797600000000093e+05,1.992439879999999888e+06,6.029313864999999851e+07,3.276288407590000153e+09,1.492195074059632920e-01
1.000000000000000000e+00,4.000000000000000000e+01,5.795000000000000284e+01,1.934607500000000000e+05,2.012058610000000102e+06,5.370443128000000119e+07,3.134087292619999886e+09,1.494317801963831183e-01
1.000000000000000000e+00,4.000999999999999801e+01,5.923299999999999699e+01,1.972283599999999860e+05,2.112016149999999907e+06,5.640265335000000149e+07,3.150699552460000038e+09,1.487823687640738302e-01
1.000000000000000000e+00,4.000999999999999801e+01,6.051700000000000301e+01,2.114560000000000000e+05,2.048469520000000019e+06,6.147087832999999821e+07,3.166192434880000114e+09,1.493278079769346511e-01
1.000000000000000000e+00,4.000000000000000000e+01,6.178300000000000125e+01,2.044037099999999919e+05,2.230382390000000130e+06,5.943762132999999821e+07,3.343758144960000038e+09,1.490121535522848095e-01
1.000000000000000000e+00,4.000000000000000000e+01,6.306700000000000017e+01,2.188244599999999919e+05,1.998094379999999888e+06,5.736526185999999940e+07,3.440226218030000210e+09,1.489914492270659752e-01
1.000000000000000000e+00,3.999000000000000199e+01,6.436700000000000443e+01,2.446799100000000035e+05,1.929187540000000037e+06,5.765671113000000268e+07,3.372186681929999828e+09,1.492288539702355255e-01
1.000000000000000000e+00,4.000000000000000000e+01,6.565000000000000568e+01,2.146062799999999988e+05,2.111540580000000075e+06,5.792714574000000209e+07,3.302465719920000076e+09,1.488732341670555015e-01
2.000000000000000000e+00,3.997999999999999687e+01,5.000000000000000000e+00,1.559230000000000018e+03,2.123752999999999884e+04,1.847000969999999972e+06,2.340672717299999893e+08,1.605406918070176880e-01
2.000000000000000000e+00,3.906000000000000227e+01,6.250000000000000000e+00,2.346789999999999964e+03,3.347144000000000233e+04,2.078155790000000037e+06,2.540790957400000095e+08,1.596447186583853928e-01
2.000000000000000000e+00,3.838000000000000256e+01,7.517000000000000348e+00,3.447179999999999836e+03,4.867336000000000058e+04,2.588539879999999888e+06,3.057328618000000119e+08,1.602961115072349119e-01
2.000000000000000000e+00,3.789999999999999858e+01,8.766999999999999460e+00,5.077189999999999600e+03,7.450025000000000000e+04,3.283807470000000205e+06,3.579723317400000095e+08,1.577261667033524883e-01
2.000000000000000000e+00,3.754999999999999716e+01,1.003299999999999947e+01,6.672189999999999600e+03,1.179738500000000058e+05,4.732812769999999553e+06,4.763960389399999976e+08,1.598327178157679662e-01
2.000000000000000000e+00,3.729999999999999716e+01,1.128299999999999947e+01,8.638239999999999782e+03,1.721484200000000128e+05,6.668741089999999851e+06,5.438920036900000572e+08,1.578758351284037242e-01
2.000000000000000000e+00,3.711999999999999744e+01,1.255000000000000071e+01,1.242480999999999949e+04,2.104109400000000023e+05,8.705114259999999776e+06,7.369391959700000286e+08,1.573664428553252503e-01
2.000000000000000000e+00,3.699000000000000199e+01,1.380000000000000071e+01,1.605257999999999993e+04,3.229381900000000023e+05,1.305326481000000052e+07,9.268386423799999952e+08,1.566959177409167348e-01
2.000000000000000000e+00,3.689999999999999858e+01,1.506700000000000017e+01,2.296790999999999985e+04,3.920566500000000233e+05,1.764848039999999851e+07,1.251387161660000086e+09,1.574257537651208572e-01
2.000000000000000000e+00,3.684000000000000341e+01,1.631700000000000017e+01,3.379908999999999651e+04,5.687031999999999534e+05,2.033386123000000045e+07,1.571751025650000095e+09,1.533351152386454308e-01
2.000000000000000000e+00,3.678999999999999915e+01,1.758299999999999841e+01,3.843487000000000262e+04,7.948074399999999441e+05,2.675525964000000060e+07,1.929210411009999990e+09,1.530282567796070192e-01
2.000000000000000000e+00,3.600000000000000000e+01,1.883299999999999841e+01,4.692466000000000349e+04,9.025479899999999907e+05,3.437640507000000030e+07,2.214011016880000114e+09,1.540902213970370138e-01
2.000000000000000000e+00,3.503999999999999915e+01,2.010000000000000142e+01,6.657230000000000291e+04,1.242633010000000009e+06,4.237834935000000149e+07,2.810023276710000038e+09,1.511128266257472930e-01
2.000000000000000000e+00,3.456000000000000227e+01,2.135000000000000142e+01,8.331961000000000058e+04,1.247848100000000093e+06,5.331259543999999762e+07,3.255886143030000210e+09,1.494865734940680757e-01
2.000000000000000000e+00,3.421000000000000085e+01,2.261700000000000088e+01,1.021040099999999948e+05,1.570246030000000028e+06,6.026241188000000268e+07,3.863627659710000038e+09,1.486346890100339324e-01
2.000000000000000000e+00,3.396000000000000085e+01,2.388299999999999912e+01,1.158000200000000041e+05,2.005484879999999888e+06,6.868987865999999642e+07,4.243430806300000191e+09,1.478463297793481124e-01
2.000000000000000000e+00,3.378000000000000114e+01,2.513299999999999912e+01,1.416583999999999942e+05,2.251614229999999981e+06,7.916611646999999881e+07,4.888627051659999847e+09,1.444022981957489016e-01
2.000000000000000000e+00,3.364999999999999858e+01,2.639999999999999858e+01,1.693802000000000116e+05,2.474717729999999981e+06,7.601479009999999404e+07,5.012124054029999733e+09,1.446782208624960153e-01
2.000000000000000000e+00,3.356000000000000227e+01,2.764999999999999858e+01,1.889467200000000012e+05,2.413916330000000075e+06,9.511026193000000715e+07,5.439243011560000420e+09,1.437648803911960593e-01
2.000000000000000000e+00,3.350000000000000000e+01,2.891700000000000159e+01,1.879319700000000012e+05,2.702848770000000019e+06,9.269091235999999940e+07,5.831905984569999695e+09,1.415838744868217758e-01
2.000000000000000000e+00,3.345000000000000284e+01,3.018299999999999983e+01,1.932182500000000000e+05,2.702384759999999776e+06,9.275212300000000000e+07,5.618173821340000153e+09,1.415528169780916889e-01
2.000000000000000000e+00,3.239000000000000057e+01,3.143299999999999983e+01,2.322350000000000000e+05,3.005811259999999776e+06,1.049935431400000006e+08,6.139506413229999542e+09,1.422985441702866172e-01
2.000000000000000000e+00,3.171000000000000085e+01,3.270000000000000284e+01,2.520713200000000070e+05,3.378392509999999776e+06,1.065524112800000012e+08,6.279646025170000076e+09,1.413473879987765802e-01
2.000000000000000000e+00,3.123000000000000043e+01,3.396699999999999875e+01,2.452503299999999872e+05,3.443507580000000075e+06,1.169541249000000060e+08,6.910255068340000153e+09,1.390562734151867263e-01
2.000000000000000000e+00,3.087999999999999901e+01,3.521699999999999875e+01,3.070936900000000023e+05,3.840944169999999925e+06,1.274444617900000066e+08,7.032158962590000153e+09,1.388269656895903259e-01
2.000000000000000000e+00,3.062999999999999901e+01,3.648299999999999699e+01,3.433075599999999977e+05,3.667841339999999851e+06,1.281184143400000036e+08,6.762996016140000343e+09,1.365255611434281757e-01
2.000000000000000000e+00,3.044999999999999929e+01,3.773299999999999699e+01,3.140696900000000023e+05,3.839619740000000224e+06,1.277592572600000054e+08,7.344202383420000076e+09,1.365629743178659872e-01
2.000000000000000000e+00,3.032000000000000028e+01,3.900000000000000000e+01,3.135540000000000000e+05,3.995573209999999963e+06,1.318560886500000060e+08,7.355901324050000191e+09,1.345249055547679540e-01
2.000000000000000000e+00,3.023000000000000043e+01,4.026700000000000301e+01,3.651332000000000116e+05,4.350385679999999702e+06,1.354178602100000083e+08,7.524442600670000076e+09,1.360105716444819368e-01
2.000000000000000000e+00,3.017000000000000171e+01,4.153300000000000125e+01,4.188239299999999930e+05,4.028027319999999832e+06,1.495402399699999988e+08,8.257428244380000114e+09,1.349836190731466823e-01
2.000000000000000000e+00,3.012000000000000099e+01,4.278300000000000125e+01,3.753429699999999721e+05,4.352588450000000186e+06,1.410074758700000048e+08,7.786509369449999809e+09,1.344826054407778082e-01
2.000000000000000000e+00,2.919999999999999929e+01,4.404999999999999716e+01,3.700939899999999907e+05,5.192748290000000037e+06,1.558424775099999905e+08,8.346536022949999809e+09,1.340594391848651257e-01
2.000000000000000000e+00,2.837999999999999901e+01,4.531700000000000017e+01,4.301082000000000116e+05,4.677424099999999627e+06,1.550385395900000036e+08,7.950245918630000114e+09,1.318945534888764926e-01
2.000000000000000000e+00,2.789999999999999858e+01,4.658299999999999841e+01,4.726352899999999790e+05,5.157534179999999702e+06,1.607590771899999976e+08,8.626064201479999542e+09,1.338070538923692432e-01
2.000000000000000000e+00,2.755000000000000071e+01,4.783299999999999841e+01,4.697466300000000047e+05,5.655595740000000224e+06,1.663535572299999893e+08,8.653492651409999847e+09,1.316467868742748626e-01
2.000000000000000000e+00,2.730000000000000071e+01,4.910000000000000142e+01,5.378648100000000559e+05,5.602308429999999702e+06,1.650327484399999976e+08,9.336395307540000916e+09,1.303314988053316525e-01
2.000000000000000000e+00,2.712000000000000099e+01,5.036699999999999733e+01,5.072385700000000070e+05,6.085891089999999851e+06,1.831453222599999905e+08,9.316002256520000458e+09,1.302873586341660450e-01
2.000000000000000000e+00,2.698999999999999844e+01,5.163300000000000267e+01,5.244207199999999721e+05,5.965814459999999963e+06,1.735477297899999917e+08,9.733221444979999542e+09,1.291051657677785569e-01
2.000000000000000000e+00,2.689999999999999858e+01,5.289999999999999858e+01,5.674836700000000419e+05,6.418121190000000410e+06,1.840385116399999857e+08,9.408372597649999619e+09,1.291694044715187284e-01
2.000000000000000000e+00,2.683999999999999986e+01,5.416700000000000159e+01,5.831525000000000000e+05,6.550447440000000410e+06,1.654845155999999940e+08,9.535844944190000534e+09,1.293945122209720355e-01
2.000000000000000000e+00,2.678999999999999915e+01,5.543299999999999983e+01,5.693838199999999488e+05,6.349151820000000298e+06,1.751172621800000072e+08,9.893834796559999466e+09,1.284341831908836218e-01
2.000000000000000000e+00,2.571999999999999886e+01,5.668299999999999983e+01,5.854227700000000186e+05,6.831602339999999851e+06,1.859970740500000119e+08,1.005327261970999908e+10,1.285635616364908251e-01
2.000000000000000000e+00,2.503999999999999915e+01,5.795000000000000284e+01,6.044030300000000279e+05,6.734802660000000149e+06,1.835645926699999869e+08,9.769746511250000000e+09,1.264566208772331113e-01
2.000000000000000000e+00,2.455999999999999872e+01,5.923299999999999699e+01,6.241604100000000326e+05,6.634706469999999739e+06,1.969253408000000119e+08,1.000802974564999962e+10,1.256564668647987271e-01
2.000000000000000000e+00,2.421000000000000085e+01,6.051700000000000301e+01,6.435594599999999627e+05,7.587298150000000373e+06,2.105919332299999893e+08,1.023874940678000069e+10,1.261321464074882936e-01
2.000000000000000000e+00,2.396000000000000085e+01,6.178300000000000125e+01,6.289131300000000047e+05,7.448769120000000112e+06,1.993158669499999881e+08,1.155009809727000046e+10,1.249772813098707497e-01
2.000000000000000000e+00,2.378000000000000114e+01,6.306700000000000017e+01,6.457552600000000093e+05,7.651267030000000261e+06,2.037929527299999893e+08,1.064131201987000084e+10,1.247609597860240838e-01
2.000000000000000000e+00,2.364999999999999858e+01,6.436700000000000443e+01,6.617090999999999767e+05,7.047803089999999851e+06,2.164140465300000012e+08,1.109439547727000046e+10,1.236201409990864558e-01
2.000000000000000000e+00,2.355999999999999872e+01,6.565000000000000568e+01,7.119595400000000373e+05,7.584302690000000410e+06,2.199155027199999988e+08,1.152879789620000076e+10,1.219567132901700907e-01
2.000000000000000000e+00,2.350000000000000000e+01,6.695000000000000284e+01,7.627757399999999907e+05,8.115530280000000261e+06,2.140204001699999869e+08,1.107492200123999977e+10,1.239010909444882430e-01
2.000000000000000000e+00,2.344999999999999929e+01,6.823300000000000409e+01,7.027765999999999767e+05,7.815828139999999665e+06,2.435223785999999940e+08,1.147203426373999977e+10,1.229934183735140879e-01
2.000000000000000000e+00,2.239000000000000057e+01,6.953300000000000125e+01,6.799550400000000373e+05,8.390953310000000522e+06,2.475424003199999928e+08,1.222229075293000031e+10,1.219710427237223477e-01
2.000000000000000000e+00,2.171000000000000085e+01,7.083299999999999841e+01,7.351995600000000559e+05,7.764316110000000335e+06,2.533451676599999964e+08,1.275889283875000000e+10,1.224984115996921863e-01
2.000000000000000000e+00,2.123000000000000043e+01,7.213299999999999557e+01,8.326096500000000233e+05,9.332741689999999478e+06,2.405522665999999940e+08,1.240265003269000053e+10,1.203841685789755200e-01
2.000000000000000000e+00,2.087999999999999901e+01,7.343300000000000693e+01,8.116410999999999767e+05,1.005584600000000000e+07,2.463713897500000000e+08,1.201404821176000023e+10,1.188969571632724209e-01
2.000000000000000000e+00,2.062999999999999901e+01,7.473300000000000409e+01,8.295530000000000000e+05,8.437833589999999851e+06,2.517592445900000036e+08,1.287110786609000015e+10,1.182735992298337702e-01
2.000000000000000000e+00,2.044999999999999929e+01,7.603300000000000125e+01,7.617762800000000279e+05,9.103281960000000894e+06,2.565408891500000060e+08,1.274312460889999962e+10,1.187717426849003027e-01
2.000000000000000000e+00,2.032000000000000028e+01,7.733299999999999841e+01,9.484083599999999860e+05,1.025158063000000082e+07,2.815815872699999809e+08,1.324323222523999977e+10,1.176722285150783448e-01
2.000000000000000000e+00,2.023000000000000043e+01,7.863299999999999557e+01,8.768464699999999721e+05,9.919097759999999776e+06,2.537468202800000012e+08,1.339190314894000053e+10,1.171972476623319714e-01
2.000000000000000000e+00,2.017000000000000171e+01,7.993300000000000693e+01,9.794726199999999953e+05,9.549039669999999925e+06,2.566827986100000143e+08,1.419399527352000046e+10,1.180707839045724156e-01
2.000000000000000000e+00,2.012000000000000099e+01,8.123300000000000409e+01,9.932792099999999627e+05,1.118007359999999963e+07,2.915572939900000095e+08,1.396508012637999916e+10,1.159238775355264373e-01
3.000000000000000000e+00,4.000000000000000000e+01,5.000000000000000000e+00,1.468509999999999991e+03,2.277543999999999869e+04,1.621714419999999925e+06,2.395138606200000048e+08,1.578810120177636944e-01
3.000000000000000000e+00,3.904999999999999716e+01,6.250000000000000000e+00,2.240610000000000127e+03,3.029804999999999927e+04,1.898332280000000028e+06,2.692684417200000286e+08,1.569970280915518879e-01
3.000000000000000000e+00,3.838000000000000256e+01,7.517000000000000348e+00,3.823409999999999854e+03,5.302955999999999767e+04,2.604281870000000112e+06,3.204935083600000143e+08,1.584485045363857869e-01
3.000000000000000000e+00,3.789999999999999858e+01,8.766999999999999460e+00,4.373010000000000218e+03,7.697986000000000058e+04,3.125551600000000093e+06,3.792419758999999762e+08,1.598517797589845413e-01
3.000000000000000000e+00,3.756000000000000227e+01,1.003299999999999947e+01,6.989569999999999709e+03,1.155465500000000029e+05,4.545638450000000186e+06,4.754373019200000167e+08,1.572308423466688143e-01
3.000000000000000000e+00,3.732000000000000028e+01,1.128299999999999947e+01,9.434989999999999782e+03,1.438087300000000105e+05,6.092760019999999553e+06,5.754630026599999666e+08,1.576824087893861914e-01
3.000000000000000000e+00,3.711999999999999744e+01,1.255000000000000071e+01,1.214704000000000087e+04,2.267360499999999884e+05,8.178306950000000186e+06,6.902635568300000429e+08,1.571963758479137940e-01
3.000000000000000000e+00,3.697999999999999687e+01,1.380000000000000071e+01,1.635552000000000044e+04,3.275652500000000000e+05,1.311195342999999970e+07,9.387605675599999428e+08,1.550163107966712195e-01
3.000000000000000000e+00,3.690999999999999659e+01,1.506700000000000017e+01,2.093972000000000116e+04,3.774593900000000140e+05,1.532564994999999925e+07,1.130675149269999981e+09,1.565587961220959168e-01
3.000000000000000000e+00,3.685000000000000142e+01,1.631700000000000017e+01,2.783702999999999884e+04,6.004221700000000419e+05,2.208263910000000149e+07,1.461189232960000038e+09,1.540837212450433813e-01
3.000000000000000000e+00,3.678999999999999915e+01,1.758299999999999841e+01,3.844383000000000175e+04,6.582168000000000466e+05,2.391626485000000149e+07,1.740172300769999981e+09,1.538110703238104171e-01
3.000000000000000000e+00,3.600999999999999801e+01,1.883299999999999841e+01,4.944804000000000087e+04,9.078859300000000512e+05,3.612914378999999911e+07,2.167176892780000210e+09,1.534185223683348920e-01
3.000000000000000000e+00,3.504999999999999716e+01,2.010000000000000142e+01,6.000147000000000116e+04,1.029962459999999963e+06,4.269355957999999821e+07,2.468642291199999809e+09,1.519359769550809869e-01
3.000000000000000000e+00,3.454999999999999716e+01,2.135000000000000142e+01,7.922591000000000349e+04,1.468194800000000047e+06,4.943037549000000209e+07,3.134301071699999809e+09,1.488794881046737184e-01
3.000000000000000000e+00,3.418999999999999773e+01,2.261700000000000088e+01,9.254841000000000349e+04,1.677122790000000037e+06,5.841104700999999791e+07,3.757211813579999924e+09,1.480302883689589011e-01
3.000000000000000000e+00,3.396000000000000085e+01,2.388299999999999912e+01,1.284034600000000064e+05,1.944250330000000075e+06,7.354127828000000119e+07,4.124315515579999924e+09,1.479732791746168341e-01
3.000000000000000000e+00,3.378000000000000114e+01,2.513299999999999912e+01,1.224911499999999942e+05,2.292328689999999944e+06,7.430462260999999940e+07,4.266902572260000229e+09,1.451555226741798044e-01
3.000000000000000000e+00,3.364000000000000057e+01,2.639999999999999858e+01,1.554694500000000116e+05,2.411029959999999963e+06,8.087511151999999583e+07,5.194747681960000038e+09,1.441199514915280366e-01
3.000000000000000000e+00,3.357000000000000028e+01,2.764999999999999858e+01,1.912796099999999860e+05,2.480450700000000186e+06,9.069801735999999940e+07,5.043926883630000114e+09,1.423787818753398104e-01
3.000000000000000000e+00,3.352000000000000313e+01,2.891700000000000159e+01,2.107265599999999977e+05,2.377630759999999776e+06,8.648518492000000179e+07,5.450400418270000458e+09,1.423264681901266204e-01
3.000000000000000000e+00,3.346999999999999886e+01,3.018299999999999983e+01,2.081960000000000000e+05,2.781422049999999814e+06,9.493689826999999583e+07,5.488280272340000153e+09,1.416386486590679727e-01
3.000000000000000000e+00,3.239000000000000057e+01,3.143299999999999983e+01,2.256834400000000023e+05,2.649858680000000168e+06,1.092911550100000054e+08,5.537372583850000381e+09,1.394617676358440583e-01
3.000000000000000000e+00,3.171999999999999886e+01,3.270000000000000284e+01,2.453406099999999860e+05,3.155350089999999851e+06,9.448181770000000298e+07,5.997896294069999695e+09,1.406782505290736784e-01
3.000000000000000000e+00,3.123999999999999844e+01,3.396699999999999875e+01,2.921589299999999930e+05,3.209126319999999832e+06,1.163826850699999928e+08,6.483747876500000000e+09,1.397422663369133899e-01
3.000000000000000000e+00,3.089000000000000057e+01,3.521699999999999875e+01,2.711394199999999837e+05,3.592606669999999925e+06,1.106042027399999946e+08,7.172318657760000229e+09,1.382274135158575168e-01
3.000000000000000000e+00,3.064000000000000057e+01,3.648299999999999699e+01,2.896742700000000186e+05,3.417295970000000205e+06,1.277702533199999928e+08,6.818717203840000153e+09,1.372726959626366372e-01
3.000000000000000000e+00,3.046000000000000085e+01,3.773299999999999699e+01,3.071874899999999907e+05,3.780836870000000112e+06,1.326552085699999928e+08,7.477900510079999924e+09,1.359413337321879189e-01
3.000000000000000000e+00,3.032000000000000028e+01,3.900000000000000000e+01,3.580994099999999744e+05,4.351129080000000075e+06,1.369864022599999905e+08,7.462640874210000038e+09,1.366254221341004216e-01
3.000000000000000000e+00,3.023999999999999844e+01,4.026700000000000301e+01,3.576546300000000047e+05,4.715591290000000037e+06,1.273095235300000012e+08,7.635431952680000305e+09,1.340406451453914072e-01
3.000000000000000000e+00,3.017000000000000171e+01,4.153300000000000125e+01,3.731466500000000233e+05,4.630837339999999851e+06,1.370295942700000107e+08,8.015011170960000038e+09,1.356466454517298581e-01
4.000000000000000000e+00,3.999000000000000199e+01,5.000000000000000000e+00,1.450079999999999927e+03,2.186706999999999971e+04,1.618205530000000028e+06,2.276288585999999940e+08,1.589187994071359078e-01
4.000000000000000000e+00,3.897999999999999687e+01,6.250000000000000000e+00,2.368519999999999982e+03,3.550765000000000146e+04,1.820978060000000056e+06,2.547628393499999940e+08,1.580243090155073471e-01
4.000000000000000000e+00,3.810999999999999943e+01,7.517000000000000348e+00,3.136719999999999800e+03,5.134854000000000087e+04,2.388029540000000037e+06,3.019007057500000000e+08,1.578843006000184845e-01
4.000000000000000000e+00,3.738000000000000256e+01,8.766999999999999460e+00,5.121750000000000000e+03,6.780997999999999593e+04,3.341726129999999888e+06,3.602181889399999976e+08,1.584670045587776299e-01
4.000000000000000000e+00,3.675000000000000000e+01,1.003299999999999947e+01,6.843180000000000291e+03,1.101322500000000000e+05,4.773377190000000410e+06,4.815037778899999857e+08,1.597537678356630297e-01
4.000000000000000000e+00,3.622999999999999687e+01,1.128299999999999947e+01,9.557200000000000728e+03,1.655530000000000000e+05,7.002611650000000373e+06,5.881211064900000095e+08,1.561338727694925876e-01
4.000000000000000000e+00,3.578000000000000114e+01,1.255000000000000071e+01,1.225045999999999913e+04,2.707310200000000186e+05,1.038029924000000022e+07,7.978506393500000238e+08,1.554673295664867894e-01
4.000000000000000000e+00,3.540999999999999659e+01,1.380000000000000071e+01,1.836311000000000058e+04,3.525181400000000140e+05,1.446638909999999963e+07,1.144566359500000000e+09,1.553398478347999823e-01
4.000000000000000000e+00,3.509000000000000341e+01,1.506700000000000017e+01,2.892363000000000102e+04,4.700608900000000140e+05,2.301448794999999925e+07,1.438865559809999943e+09,1.540790720457728413e-01
4.000000000000000000e+00,3.482000000000000028e+01,1.631700000000000017e+01,3.698580999999999767e+04,7.081347600000000093e+05,2.649555303000000119e+07,1.891293719160000086e+09,1.548951926594516193e-01
4.000000000000000000e+00,3.459000000000000341e+01,1.758299999999999841e+01,5.084915000000000146e+04,8.812852700000000186e+05,3.730303589000000060e+07,2.652949240190000057e+09,1.524857202452714333e-01
4.000000000000000000e+00,3.439999999999999858e+01,1.883299999999999841e+01,6.043201000000000204e+04,1.223360709999999963e+06,4.416241150000000000e+07,3.066172654820000172e+09,1.492573683138319895e-01
4.000000000000000000e+00,3.422999999999999687e+01,2.010000000000000142e+01,8.554519000000000233e+04,1.411233949999999953e+06,5.456342425999999791e+07,3.496791496050000191e+09,1.498468533401315084e-01
4.000000000000000000e+00,3.409000000000000341e+01,2.135000000000000142e+01,9.947680999999999767e+04,1.646487159999999916e+06,5.986845924000000209e+07,3.848006554090000153e+09,1.468824611038886396e-01
4.000000000000000000e+00,3.397999999999999687e+01,2.261700000000000088e+01,1.181682400000000052e+05,1.681146030000000028e+06,6.937838778000000119e+07,4.459884621460000038e+09,1.449017848311756063e-01
4.000000000000000000e+00,3.388000000000000256e+01,2.388299999999999912e+01,1.437467699999999895e+05,2.068531350000000093e+06,7.847846107999999821e+07,4.688005006069999695e+09,1.452284419129983295e-01
4.000000000000000000e+00,3.378999999999999915e+01,2.513299999999999912e+01,1.540967799999999988e+05,2.245853089999999851e+06,7.417299467000000179e+07,5.226413528760000229e+09,1.450728260735616726e-01
4.000000000000000000e+00,3.371999999999999886e+01,2.639999999999999858e+01,1.800716799999999930e+05,2.405697310000000056e+06,8.851155945000000298e+07,5.080282948069999695e+09,1.420636047434626903e-01
4.000000000000000000e+00,3.365999999999999659e+01,2.764999999999999858e+01,2.164621799999999930e+05,2.290779200000000186e+06,8.533839540999999642e+07,5.416008108829999924e+09,1.421485651270908979e-01
4.000000000000000000e+00,3.360999999999999943e+01,2.891700000000000159e+01,2.234049500000000116e+05,2.670209910000000149e+06,9.586315628000000119e+07,5.732274366500000000e+09,1.430360748118990610e-01
4.000000000000000000e+00,3.357000000000000028e+01,3.018299999999999983e+01,2.506053800000000047e+05,2.641624370000000112e+06,9.879459109999999404e+07,5.882987127069999695e+09,1.404345092794779259e-01
4.000000000000000000e+00,3.314999999999999858e+01,3.143299999999999983e+01,2.547722900000000081e+05,3.035643459999999963e+06,9.382946331000000238e+07,5.726801750140000343e+09,1.413318529493050035e-01
4.000000000000000000e+00,3.239000000000000057e+01,3.270000000000000284e+01,2.592298399999999965e+05,3.338448279999999795e+06,9.718929932999999821e+07,6.211260018729999542e+09,1.394080990350096416e-01
4.000000000000000000e+00,3.196000000000000085e+01,3.396699999999999875e+01,2.772082100000000210e+05,3.209742700000000186e+06,1.012137401500000060e+08,6.427450562829999924e+09,1.401148844338073463e-01
4.000000000000000000e+00,3.160000000000000142e+01,3.521699999999999875e+01,2.656547100000000210e+05,3.386585919999999925e+06,1.052486732000000030e+08,6.640606218779999733e+09,1.387428834166232472e-01
4.000000000000000000e+00,3.130999999999999872e+01,3.648299999999999699e+01,3.445364000000000233e+05,3.562849529999999795e+06,1.228882489800000042e+08,6.848143549100000381e+09,1.366927878834625076e-01
4.000000000000000000e+00,3.107999999999999829e+01,3.773299999999999699e+01,3.637324099999999744e+05,3.730881899999999907e+06,1.129983937000000030e+08,7.393939538920000076e+09,1.388954016889323295e-01
4.000000000000000000e+00,3.087999999999999901e+01,3.900000000000000000e+01,3.304574400000000023e+05,3.891990790000000037e+06,1.262893631800000072e+08,7.043224086520000458e+09,1.368401606903842382e-01
4.000000000000000000e+00,3.071999999999999886e+01,4.026700000000000301e+01,3.462453099999999977e+05,4.043167359999999870e+06,1.198999000499999970e+08,7.206546803189999580e+09,1.369917836580884785e-01
4.000000000000000000e+00,3.058999999999999986e+01,4.153300000000000125e+01,3.423894099999999744e+05,4.183056200000000186e+06,1.280717302800000012e+08,7.354979213510000229e+09,1.351509497427332840e-01
4.000000000000000000e+00,3.048000000000000043e+01,4.278300000000000125e+01,3.954068200000000070e+05,4.307051040000000037e+06,1.308603403900000006e+08,8.059855817529999733e+09,1.361907675547796848e-01
4.000000000000000000e+00,2.996000000000000085e+01,4.404999999999999716e+01,4.318709299999999930e+05,4.448703780000000261e+06,1.340191774000000060e+08,7.824907311329999924e+09,1.342875121154171458e-01
4.000000000000000000e+00,2.926999999999999957e+01,4.531700000000000017e+01,4.288091699999999837e+05,5.090996089999999851e+06,1.490430089000000060e+08,7.810656670250000000e+09,1.336684073121481575e-01
4.000000000000000000e+00,2.832000000000000028e+01,4.658299999999999841e+01,4.486128499999999767e+05,5.357676330000000075e+06,1.491292870099999905e+08,8.259763713390000343e+09,1.342458235165895075e-01
4.000000000000000000e+00,2.780999999999999872e+01,4.783299999999999841e+01,4.928447500000000000e+05,4.886042000000000000e+06,1.495333013199999928e+08,8.325822662420000076e+09,1.319823645163034631e-01
4.000000000000000000e+00,2.737999999999999901e+01,4.910000000000000142e+01,4.902244099999999744e+05,4.873276129999999888e+06,1.619209401699999869e+08,8.816530871639999390e+09,1.317874136231470816e-01
4.000000000000000000e+00,2.701999999999999957e+01,5.036699999999999733e+01,5.105973599999999860e+05,5.957630379999999888e+06,1.680655442400000095e+08,8.852754260469999313e+09,1.302454386325153091e-01
4.000000000000000000e+00,2.671000000000000085e+01,5.163300000000000267e+01,5.568480400000000373e+05,5.620686589999999851e+06,1.604638575600000024e+08,9.091648919899999619e+09,1.301158229978052472e-01
4.000000000000000000e+00,2.644000000000000128e+01,5.289999999999999858e+01,5.219400100000000093e+05,5.836206250000000000e+06,1.861325746999999881e+08,9.552455269309999466e+09,1.281311313492053405e-01
4.000000000000000000e+00,2.607000000000000028e+01,5.416700000000000159e+01,5.397031899999999441e+05,6.362572480000000447e+06,1.773674864300000072e+08,9.771090035090000153e+09,1.300137371313355716e-01
4.000000000000000000e+00,2.589000000000000057e+01,5.543299999999999983e+01,5.861450799999999581e+05,6.566665910000000149e+06,1.893277755900000036e+08,9.474829856549999237e+09,1.286341431505070021e-01
4.000000000000000000e+00,2.573999999999999844e+01,5.668299999999999983e+01,6.029827299999999814e+05,6.745559589999999851e+06,1.935908923000000119e+08,9.896175120840000153e+09,1.261946915910956146e-01
4.000000000000000000e+00,2.562000000000000099e+01,5.795000000000000284e+01,6.190523599999999860e+05,6.905289709999999963e+06,1.822061250399999917e+08,1.056409860311000061e+10,1.264216307426140329e-01
4.000000000000000000e+00,2.551999999999999957e+01,5.923299999999999699e+01,6.660510600000000559e+05,7.047162349999999627e+06,2.007517703600000143e+08,1.018329920178000069e+10,1.271669264834235091e-01
4.000000000000000000e+00,2.542999999999999972e+01,6.051700000000000301e+01,5.838229000000000233e+05,7.530643509999999776e+06,2.115305030300000012e+08,1.030072723743000031e+10,1.267715774049746891e-01
4.000000000000000000e+00,2.535999999999999943e+01,6.178300000000000125e+01,6.289282500000000000e+05,7.645274240000000224e+06,1.824569868300000131e+08,1.040252337445000076e+10,1.251766037856527902e-01
5.000000000000000000e+00,2.998999999999999844e+01,5.000000000000000000e+00,2.301390000000000146e+04,1.939742999999999884e+05,2.879288759999999776e+06,1.011158699599999934e+08,1.422794076665067631e-01
5.000000000000000000e+00,3.014999999999999858e+01,6.250000000000000000e+00,2.207156999999999971e+04,2.754418599999999860e+05,4.600358700000000186e+06,1.287081901299999952e+08,1.413145360681999640e-01
5.000000000000000000e+00,3.016000000000000014e+01,7.517000000000000348e+00,2.453809000000000015e+04,3.296612999999999884e+05,6.230497589999999851e+06,1.850127830600000024e+08,1.420154445333786930e-01
5.000000000000000000e+00,2.985000000000000142e+01,8.766999999999999460e+00,2.039713999999999942e+04,3.773669099999999744e+05,7.756876879999999888e+06,2.352213754699999988e+08,1.426552664612253107e-01
5.000000000000000000e+00,2.985000000000000142e+01,1.003299999999999947e+01,2.553227000000000044e+04,4.675270100000000093e+05,1.020250464000000060e+07,3.489854082500000000e+08,1.423670237347502976e-01
5.000000000000000000e+00,3.001000000000000156e+01,1.128299999999999947e+01,2.278975000000000000e+04,5.873373100000000559e+05,1.336686913000000082e+07,4.424333820299999714e+08,1.411842647882438073e-01
5.000000000000000000e+00,2.985999999999999943e+01,1.255000000000000071e+01,2.758104999999999927e+04,6.295698299999999581e+05,1.697546657000000030e+07,5.679378851399999857e+08,1.403675423408930201e-01
5.000000000000000000e+00,3.001000000000000156e+01,1.380000000000000071e+01,2.913743000000000029e+04,6.965935799999999581e+05,2.012535121999999881e+07,7.074471453700000048e+08,1.403539462551378625e-01
5.000000000000000000e+00,2.998999999999999844e+01,1.506700000000000017e+01,3.111077999999999884e+04,7.610262099999999627e+05,2.233628632999999821e+07,8.215175366200000048e+08,1.390440924392477573e-01
5.000000000000000000e+00,3.016000000000000014e+01,1.631700000000000017e+01,3.193504000000000087e+04,7.050480600000000559e+05,2.525923212999999896e+07,1.006718538460000038e+09,1.385781979659994056e-01
5.000000000000000000e+00,3.001000000000000156e+01,1.758299999999999841e+01,3.457965000000000146e+04,7.991469100000000326e+05,2.697126923000000045e+07,1.254932756799999952e+09,1.389452209604893906e-01
5.000000000000000000e+00,3.000000000000000000e+01,1.883299999999999841e+01,3.577500000000000000e+04,9.427730600000000559e+05,3.094090625000000000e+07,1.370338227089999914e+09,1.384459292437081046e-01
5.000000000000000000e+00,3.014999999999999858e+01,2.010000000000000142e+01,4.088633999999999651e+04,9.525103699999999953e+05,3.638304575000000000e+07,1.527466100210000038e+09,1.383851497651773232e-01
5.000000000000000000e+00,2.985000000000000142e+01,2.135000000000000142e+01,4.235569999999999709e+04,1.006134430000000051e+06,4.062362043999999762e+07,1.551425261190000057e+09,1.374877443436065549e-01
5.000000000000000000e+00,3.000000000000000000e+01,2.261700000000000088e+01,4.376926000000000204e+04,1.059770050000000047e+06,4.017374763000000268e+07,1.832245198440000057e+09,1.362267113953642972e-01
5.000000000000000000e+00,2.985999999999999943e+01,2.388299999999999912e+01,4.998345999999999913e+04,1.111658399999999907e+06,4.427465707000000030e+07,2.052002037740000010e+09,1.366282074748438879e-01
5.000000000000000000e+00,2.985000000000000142e+01,2.513299999999999912e+01,5.401686000000000058e+04,1.103809439999999944e+06,4.661577632999999821e+07,1.949742661599999905e+09,1.361781762272886998e-01
5.000000000000000000e+00,2.998999999999999844e+01,2.639999999999999858e+01,5.815472000000000116e+04,1.330081300000000047e+06,4.687229411999999732e+07,2.237052258079999924e+09,1.354186642099233506e-01
5.000000000000000000e+00,3.014999999999999858e+01,2.764999999999999858e+01,6.217063999999999942e+04,1.125490949999999953e+06,4.860733420000000298e+07,2.162910678070000172e+09,1.346629149426471217e-01
5.000000000000000000e+00,2.983999999999999986e+01,2.891700000000000159e+01,5.969144999999999709e+04,1.227520550000000047e+06,5.029463315999999642e+07,2.352478807889999866e+09,1.347676844260392859e-01
5.000000000000000000e+00,2.998999999999999844e+01,3.018299999999999983e+01,7.403491000000000349e+04,1.398765699999999953e+06,5.186764946000000089e+07,2.445260526179999828e+09,1.356875867331373553e-01
5.000000000000000000e+00,2.998999999999999844e+01,3.143299999999999983e+01,7.082111000000000058e+04,1.368141780000000028e+06,5.323817997999999672e+07,2.324001779840000153e+09,1.337794089354526483e-01
5.000000000000000000e+00,3.001000000000000156e+01,3.270000000000000284e+01,7.857375999999999476e+04,1.472396120000000112e+06,5.668172575000000000e+07,2.704572005960000038e+09,1.348118566961102049e-01
5.000000000000000000e+00,3.001000000000000156e+01,3.396699999999999875e+01,8.254297999999999593e+04,1.578191899999999907e+06,5.121752284000000358e+07,2.669411689380000114e+09,1.349760536782358689e-01
5.000000000000000000e+00,2.985000000000000142e+01,3.521699999999999875e+01,8.653124000000000524e+04,1.320832919999999925e+06,5.910176703000000119e+07,2.956468996139999866e+09,1.339944067671962891e-01
5.000000000000000000e+00,2.985999999999999943e+01,3.648299999999999699e+01,8.149386999999999534e+04,1.424992969999999972e+06,6.026162217000000179e+07,2.915060818369999886e+09,1.337660237918647244e-01
5.000000000000000000e+00,3.016000000000000014e+01,3.773299999999999699e+01,9.423250000000000000e+04,1.603352050000000047e+06,6.356555263000000268e+07,2.970770835039999962e+09,1.331937833913883762e-01
5.000000000000000000e+00,2.998999999999999844e+01,3.900000000000000000e+01,9.292644999999999709e+04,1.706906520000000019e+06,6.206043147999999672e+07,3.136633904170000076e+09,1.342681313134790888e-01
5.000000000000000000e+00,3.014000000000000057e+01,4.026700000000000301e+01,9.114294999999999709e+04,1.495699209999999963e+06,5.799076382999999821e+07,2.829238350010000229e+09,1.332686387551429430e-01
5.000000000000000000e+00,3.000000000000000000e+01,4.153300000000000125e+01,1.046807799999999988e+05,1.676317620000000112e+06,6.110725688000000268e+07,2.987929683280000210e+09,1.327550982503042654e-01
5.000000000000000000e+00,3.016000000000000014e+01,4.278300000000000125e+01,1.133059700000000012e+05,1.535586679999999935e+06,6.172785052000000328e+07,3.024023499909999847e+09,1.334443740070299089e-01
5.000000000000000000e+00,2.985999999999999943e+01,4.404999999999999716e+01,1.057454100000000035e+05,1.556492050000000047e+06,5.740918770000000298e+07,2.940575884309999943e+09,1.328971814389766637e-01
5.000000000000000000e+00,2.985000000000000142e+01,4.531700000000000017e+01,1.090882400000000052e+05,1.662078310000000056e+06,6.311340570000000298e+07,3.352650543510000229e+09,1.328307570632049073e-01
5.000000000000000000e+00,2.985999999999999943e+01,4.658299999999999841e+01,1.241806499999999942e+05,1.600363820000000065e+06,6.633242239000000060e+07,3.142866177860000134e+09,1.330641556233277956e-01
5.000000000000000000e+00,2.998999999999999844e+01,4.783299999999999841e+01,1.214449199999999983e+05,1.703909520000000019e+06,5.919812268999999762e+07,3.175396773769999981e+09,1.321661482671314114e-01
5.000000000000000000e+00,3.016000000000000014e+01,4.910000000000000142e+01,1.305339100000000035e+05,1.633290510000000009e+06,6.737939595000000298e+07,3.072782336369999886e+09,1.324590671224753491e-01
5.000000000000000000e+00,3.014999999999999858e+01,5.036699999999999733e+01,1.333187099999999919e+05,1.645555129999999888e+06,7.036681181000000238e+07,2.964100705719999790e+09,1.323692881095061002e-01
5.000000000000000000e+00,3.000000000000000000e+01,5.163300000000000267e+01,1.297243899999999994e+05,1.746277500000000000e+06,6.030583171000000089e+07,3.374272612650000095e+09,1.315789333248204018e-01
5.000000000000000000e+00,2.985999999999999943e+01,5.289999999999999858e+01,1.194016100000000006e+05,1.850798280000000028e+06,7.128309440000000596e+07,3.008754079130000114e+09,1.326182722705750439e-01
5.000000000000000000e+00,2.985000000000000142e+01,5.416700000000000159e+01,1.356747600000000093e+05,1.690873330000000075e+06,6.115469427000000328e+07,3.165276906519999981e+09,1.329476810871479953e-01
5.000000000000000000e+00,3.016000000000000014e+01,5.543299999999999983e+01,1.452081700000000128e+05,1.792782449999999953e+06,6.949368710999999940e+07,3.184304825440000057e+09,1.324891238855279707e-01
5.000000000000000000e+00,3.014999999999999858e+01,5.668299999999999983e+01,1.335309400000000023e+05,1.802385600000000093e+06,7.244318510999999940e+07,3.331537892489999771e+09,1.312800044533300459e-01
5.000000000000000000e+00,3.014999999999999858e+01,5.795000000000000284e+01,1.428004200000000128e+05,1.992866120000000112e+06,6.732200906999999285e+07,3.345428105630000114e+09,1.320258302634405578e-01
5.000000000000000000e+00,2.985999999999999943e+01,5.923299999999999699e+01,1.599323200000000070e+05,1.641902129999999888e+06,6.765159037000000477e+07,3.364090645440000057e+09,1.327624972261531033e-01
5.000000000000000000e+00,3.016000000000000014e+01,6.051700000000000301e+01,1.478282200000000012e+05,1.927269199999999953e+06,6.793981359000000358e+07,3.515599379719999790e+09,1.315438524507242801e-01
5.000000000000000000e+00,3.014999999999999858e+01,6.178300000000000125e+01,1.499003900000000140e+05,1.751338399999999907e+06,7.359643179999999702e+07,3.120601000380000114e+09,1.322266332347676043e-01
5.000000000000000000e+00,3.014999999999999858e+01,6.306700000000000017e+01,1.595590899999999965e+05,1.943945810000000056e+06,6.834367120999999344e+07,3.675416591619999886e+09,1.315020049539820102e-01
5.000000000000000000e+00,2.983999999999999986e+01,6.436700000000000443e+01,1.543917099999999919e+05,1.676266649999999907e+06,6.587811753000000119e+07,3.692399682690000057e+09,1.318467348055337995e-01
5.000000000000000000e+00,2.985000000000000142e+01,6.565000000000000568e+01,1.727203800000000047e+05,1.782044000000000000e+06,6.619571875000000000e+07,3.437473649150000095e+09,1.321327194982372388e-01
5.000000000000000000e+00,3.000000000000000000e+01,6.693300000000000693e+01,1.593959599999999919e+05,1.698008570000000065e+06,6.645180527000000328e+07,3.590526713739999771e+09,1.321098901771812495e-01
5.000000000000000000e+00,3.000000000000000000e+01,6.821699999999999875e+01,1.777276300000000047e+05,1.895679290000000037e+06,6.943991640000000596e+07,3.464700479599999905e+09,1.324390041380780203e-01
6.000000000000000000e+00,2.998999999999999844e+01,5.000000000000000000e+00,2.271472000000000116e+04,1.916568200000000070e+05,2.138712160000000149e+06,1.945455174499999881e+08,1.410170087721431820e-01
6.000000000000000000e+00,2.898000000000000043e+01,6.250000000000000000e+00,2.196702000000000044e+04,2.422740100000000093e+05,3.411022299999999814e+06,2.129474400800000131e+08,1.416406885677342076e-01
6.000000000000000000e+00,2.826000000000000156e+01,7.517000000000000348e+00,2.016447000000000116e+04,3.155536500000000233e+05,5.108332290000000037e+06,2.587328148600000143e+08,1.407891397132962352e-01
6.000000000000000000e+00,2.737999999999999901e+01,8.766999999999999460e+00,2.415536999999999898e+04,3.993428699999999953e+05,8.248670309999999590e+06,3.691482908299999833e+08,1.405299812668308890e-01
6.000000000000000000e+00,2.675000000000000000e+01,1.003299999999999947e+01,2.272224000000000160e+04,5.470362399999999907e+05,1.229830491000000015e+07,4.830459935899999738e+08,1.401113005930486044e-01
6.000000000000000000e+00,2.607999999999999829e+01,1.128299999999999947e+01,2.532034999999999854e+04,5.981600200000000186e+05,1.809483875000000000e+07,6.831771515399999619e+08,1.394785442601129966e-01
6.000000000000000000e+00,2.578000000000000114e+01,1.255000000000000071e+01,2.750377999999999884e+04,7.462565899999999674e+05,2.351620673000000045e+07,9.878732598500000238e+08,1.379238029184431391e-01
6.000000000000000000e+00,2.555999999999999872e+01,1.380000000000000071e+01,3.217359999999999854e+04,7.773390999999999767e+05,2.888279219999999925e+07,1.290542023640000105e+09,1.368782970653631414e-01
6.000000000000000000e+00,2.508999999999999986e+01,1.506700000000000017e+01,3.499481999999999971e+04,9.869709100000000326e+05,3.713197007999999821e+07,1.728463563440000057e+09,1.356763561998126644e-01
6.000000000000000000e+00,2.467000000000000171e+01,1.631700000000000017e+01,3.853551999999999680e+04,1.170619399999999907e+06,4.260028681000000238e+07,2.166776289860000134e+09,1.356966387259374296e-01
6.000000000000000000e+00,2.444000000000000128e+01,1.758299999999999841e+01,4.746123999999999796e+04,1.309791449999999953e+06,5.164818720000000298e+07,2.551794720199999809e+09,1.329275860777224816e-01
6.000000000000000000e+00,2.455000000000000071e+01,1.883299999999999841e+01,6.077544999999999709e+04,1.373663270000000019e+06,6.291570517999999970e+07,2.882977706980000019e+09,1.329068931057928449e-01
6.000000000000000000e+00,2.437999999999999901e+01,2.010000000000000142e+01,7.020800999999999476e+04,1.494673199999999953e+06,6.681139785000000149e+07,3.360421449329999924e+09,1.316869644713088428e-01
6.000000000000000000e+00,2.394000000000000128e+01,2.135000000000000142e+01,7.290397999999999593e+04,1.695246169999999925e+06,6.706023360999999940e+07,3.840216078250000000e+09,1.311896214699587448e-01
6.000000000000000000e+00,2.398000000000000043e+01,2.261700000000000088e+01,7.836964999999999418e+04,1.732437669999999925e+06,7.811336351000000536e+07,4.319115208840000153e+09,1.294643221142491862e-01
6.000000000000000000e+00,2.387999999999999901e+01,2.388299999999999912e+01,8.752842999999999302e+04,1.840441600000000093e+06,7.648095237999999523e+07,4.506761589189999580e+09,1.284811165435549296e-01
6.000000000000000000e+00,2.394000000000000128e+01,2.513299999999999912e+01,1.116941399999999994e+05,2.131306100000000093e+06,8.024956220999999344e+07,4.634200145329999924e+09,1.269939069807693444e-01
6.000000000000000000e+00,2.357000000000000028e+01,2.639999999999999858e+01,1.054918500000000058e+05,2.031700429999999935e+06,8.024753100000000000e+07,4.580352987539999962e+09,1.268236300432321606e-01
6.000000000000000000e+00,2.366000000000000014e+01,2.764999999999999858e+01,1.082630000000000000e+05,2.225353500000000000e+06,9.772943259999999404e+07,5.238759360489999771e+09,1.262119507578534083e-01
6.000000000000000000e+00,2.346000000000000085e+01,2.891700000000000159e+01,1.359030899999999965e+05,2.201681850000000093e+06,1.009073545199999958e+08,5.435899913500000000e+09,1.256010360375976465e-01
6.000000000000000000e+00,2.357000000000000028e+01,3.018299999999999983e+01,1.244175599999999977e+05,2.162582109999999870e+06,1.037174761599999964e+08,5.772762804590000153e+09,1.257190315552590421e-01
6.000000000000000000e+00,2.330000000000000071e+01,3.143299999999999983e+01,1.467531600000000035e+05,2.229210279999999795e+06,9.444570326000000536e+07,5.261049360770000458e+09,1.238791898846872269e-01
6.000000000000000000e+00,2.239000000000000057e+01,3.270000000000000284e+01,1.638928200000000070e+05,2.433563390000000130e+06,1.093223661599999964e+08,5.605222120750000000e+09,1.245618676667280406e-01
6.000000000000000000e+00,2.210999999999999943e+01,3.396699999999999875e+01,1.576992699999999895e+05,2.280299930000000168e+06,1.044197185300000012e+08,5.980921080020000458e+09,1.227100569554402110e-01
6.000000000000000000e+00,2.175000000000000000e+01,3.521699999999999875e+01,1.759062600000000093e+05,2.635098359999999870e+06,1.075918910900000036e+08,6.365355105960000038e+09,1.227137260814504388e-01
6.000000000000000000e+00,2.116000000000000014e+01,3.648299999999999699e+01,1.862705400000000081e+05,2.472298919999999925e+06,1.065956243700000048e+08,6.586413603880000114e+09,1.214087252594867189e-01
6.000000000000000000e+00,2.092999999999999972e+01,3.773299999999999699e+01,1.966300700000000070e+05,3.003376220000000205e+06,1.236349339000000060e+08,6.408625041300000191e+09,1.194627838618282645e-01
6.000000000000000000e+00,2.073000000000000043e+01,3.900000000000000000e+01,2.173215799999999872e+05,2.821717759999999776e+06,1.224732120400000066e+08,6.603318421460000038e+09,1.206245082282681735e-01
6.000000000000000000e+00,2.057000000000000028e+01,4.026700000000000301e+01,2.170792399999999907e+05,3.074187540000000037e+06,1.111633215600000024e+08,7.203188244729999542e+09,1.188953178046557452e-01
6.000000000000000000e+00,2.073999999999999844e+01,4.153300000000000125e+01,2.492152699999999895e+05,3.005517669999999925e+06,1.135604999099999964e+08,6.935707505010000229e+09,1.189226725651726241e-01
6.000000000000000000e+00,2.062999999999999901e+01,4.278300000000000125e+01,2.471867799999999988e+05,3.079515629999999888e+06,1.256695171500000060e+08,7.283821046100000381e+09,1.173429975783591428e-01
6.000000000000000000e+00,1.996000000000000085e+01,4.404999999999999716e+01,2.448955499999999884e+05,3.665993930000000168e+06,1.282495862500000000e+08,6.990888331630000114e+09,1.167813306713808147e-01
6.000000000000000000e+00,1.926999999999999957e+01,4.531700000000000017e+01,2.679663099999999977e+05,3.445806209999999963e+06,1.314214657999999970e+08,7.624187660029999733e+09,1.174378517287404666e-01
6.000000000000000000e+00,1.832000000000000028e+01,4.658299999999999841e+01,2.531387999999999884e+05,3.588213330000000075e+06,1.408086946299999952e+08,7.620634896340000153e+09,1.178212301072975726e-01
6.000000000000000000e+00,1.766000000000000014e+01,4.783299999999999841e+01,2.783126300000000047e+05,3.378858459999999963e+06,1.512231989199999869e+08,8.367778859720000267e+09,1.170310622758888724e-01
6.000000000000000000e+00,1.723000000000000043e+01,4.910000000000000142e+01,2.905053099999999977e+05,3.929307629999999888e+06,1.449066285200000107e+08,8.655700586969999313e+09,1.144058646655064099e-01
6.000000000000000000e+00,1.717000000000000171e+01,5.036699999999999733e+01,2.721119000000000233e+05,3.886724950000000186e+06,1.434562479900000095e+08,8.400250795439999580e+09,1.129398271555423633e-01
6.000000000000000000e+00,1.655999999999999872e+01,5.163300000000000267e+01,3.140799799999999814e+05,4.036374870000000112e+06,1.538413051100000143e+08,8.907150464420000076e+09,1.133216440890132265e-01
6.000000000000000000e+00,1.644000000000000128e+01,5.289999999999999858e+01,3.255249699999999721e+05,4.617634879999999888e+06,1.643217563400000036e+08,8.864512164790000916e+09,1.130923843944154905e-01
6.000000000000000000e+00,1.621999999999999886e+01,5.416700000000000159e+01,3.365757399999999907e+05,4.988768959999999963e+06,1.683042668700000048e+08,9.069858292549999237e+09,1.124053057625109819e-01
6.000000000000000000e+00,1.603999999999999915e+01,5.543299999999999983e+01,3.820662100000000210e+05,5.131909219999999739e+06,1.786768578499999940e+08,1.012180871632999992e+10,1.107826619115760830e-01
6.000000000000000000e+00,1.558999999999999986e+01,5.668299999999999983e+01,3.578689299999999930e+05,5.271576330000000075e+06,1.621963793300000131e+08,9.740721035930000305e+09,1.111809434664497304e-01
6.000000000000000000e+00,1.576999999999999957e+01,5.795000000000000284e+01,3.679876900000000023e+05,5.151912169999999925e+06,1.789868082100000083e+08,9.317089835170000076e+09,1.099823410091253784e-01
6.000000000000000000e+00,1.551999999999999957e+01,5.923299999999999699e+01,3.399688699999999953e+05,5.511072169999999925e+06,1.819362138700000048e+08,9.763175165190000534e+09,1.084381876771779579e-01
6.000000000000000000e+00,1.527999999999999936e+01,6.051700000000000301e+01,3.874129500000000116e+05,4.857103500000000000e+06,1.635188192800000012e+08,1.052229489812999916e+10,1.091391844280322626e-01
6.000000000000000000e+00,1.521000000000000085e+01,6.178300000000000125e+01,4.164575599999999977e+05,4.686433950000000186e+06,1.730863976599999964e+08,1.035314838903000069e+10,1.080997642421241134e-01
